id; who; timestamp; net
0; t1; 2024-07-22 20:07:56.295023; imported_1721668076.2970185
0; t2; 2024-07-22 20:07:57.295023; imported_1721668076.2970185
0; t3; 2024-07-22 20:07:58.295023; imported_1721668076.2980165
0; t4; 2024-07-22 20:07:59.295023; imported_1721668076.2980165
0; t5; 2024-07-22 20:08:00.295023; imported_1721668076.2980165
1; t1; 2024-07-22 20:07:56.295023; imported_1721668076.2970185
1; t2; 2024-07-22 20:07:57.295023; imported_1721668076.2970185
1; t3; 2024-07-22 20:07:58.295023; imported_1721668076.2980165
1; t4; 2024-07-22 20:07:59.295023; imported_1721668076.2980165
1; t5; 2024-07-22 20:08:00.295023; imported_1721668076.2980165
2; t1; 2024-07-22 20:07:56.295023; imported_1721668076.2970185
2; t2; 2024-07-22 20:07:57.295023; imported_1721668076.2970185
2; t3; 2024-07-22 20:07:58.295023; imported_1721668076.2980165
2; t4; 2024-07-22 20:07:59.295023; imported_1721668076.2980165
2; t5; 2024-07-22 20:08:00.295023; imported_1721668076.2980165
